registration,operator,type
PK-LRV,AAA,BE58
PK-WTM,AAA,C172
PK-WTT,AAA,C172
PK-WTW,AAA,C172
PK-WTY,AAA,C172
PK-WUF,AAA,C172
PK-WUH,AAA,C172
PK-WUI,AAA,C172
PK-WTQ,AAA,C172
PK-WTZ,AAA,C172
PK-BDF,BATIK AIR,A320 NEO
PK-BGF,BATIK AIR,B737-800NG
PK-BGZ,BATIK AIR,B737-800NG
PK-BKF,BATIK AIR,A320
PK-BKG,BATIK AIR,A320
PK-BKJ,BATIK AIR,A320
PK-BKK,BATIK AIR,A320
PK-BKL,BATIK AIR,A320
PK-BKM,BATIK AIR,A320
PK-BKO,BATIK AIR,A320
PK-BKP,BATIK AIR,A320
PK-BKQ,BATIK AIR,A320
PK-BKR,BATIK AIR,A320
PK-BKT,BATIK AIR,A320
PK-BKU,BATIK AIR,A320
PK-BKV,BATIK AIR,A320
PK-BKY,BATIK AIR,A320
PK-BLA,BATIK AIR,A320
PK-BLB,BATIK AIR,A320
PK-BLC,BATIK AIR,A320
PK-BLD,BATIK AIR,A320
PK-LAF,BATIK AIR,A320
PK-LAI,BATIK AIR,A320
PK-LAJ,BATIK AIR,A320
PK-LAL,BATIK AIR,A320
PK-LAM,BATIK AIR,A320
PK-LAO,BATIK AIR,A320
PK-LAQ,BATIK AIR,A320
PK-LAT,BATIK AIR,A320
PK-LAW,BATIK AIR,A320
PK-LAY,BATIK AIR,A320
PK-LAZ,BATIK AIR,A320
PK-LBK,BATIK AIR,B737-800NG
PK-LBS,BATIK AIR,B737-800NG
PK-LBW,BATIK AIR,B737-800NG
PK-LDH,BATIK AIR,B737-800NG
PK-LDJ,BATIK AIR,B737-800NG
PK-LDK,BATIK AIR,B737-800NG
PK-LDW,BATIK AIR,A330
PK-LUF,BATIK AIR,A320
PK-LUG,BATIK AIR,A320
PK-LUH,BATIK AIR,A320
PK-LUI,BATIK AIR,A320
PK-LUJ,BATIK AIR,A320
PK-LUK,BATIK AIR,A320
PK-LDF,BATIK AIR,B737-8
PK-LUO,BATIK AIR,A320
PK-LUP,BATIK AIR,A320
PK-LUQ,BATIK AIR,A320
PK-LUR,BATIK AIR,A320
PK-LUS,BATIK AIR,A320
PK-LUT,BATIK AIR,A320
PK-LUU,BATIK AIR,A320
PK-LUV,BATIK AIR,A320
PK-LUW,BATIK AIR,A320
PK-LUY,BATIK AIR,A320
PK-LUZ,BATIK AIR,A320
PK-LZH,BATIK AIR,A320
PK-LZO,BATIK AIR,B737-800NG
PK-LZV,BATIK AIR,B737-800NG
PK-LZZ,BATIK AIR,B737-800NG
9M-LRR,BATIK OD,B737MAX
9M-LRP,BATIK OD,B738MAX
9M-LNC,BATIK OD,B737-800
9M-LNG,BATIK OD,B737-800
9M-LNM,BATIK OD,B737-800
9M-LNP,BATIK OD,B737-800
9M-LNQ,BATIK OD,B737-800
9M-LNR,BATIK OD,B737-800
9M-LNV,BATIK OD,B737-800
9M-LNY,BATIK OD,B737-800
9M-LCR,BATIK OD,B737-800
9M-LCU,BATIK OD,B737-800
9M-LCV,BATIK OD,B737-800
9M-LCW,BATIK OD,B737-800
9M-LCZ,BATIK OD,B737-800
9M-LDD,BATIK OD,B737-800
9M-LDF,BATIK OD,B737-800
9M-LDH,BATIK OD,B737-800
9M-LDK,BATIK OD,B737-800
9M-LDT,BATIK OD,B737-800
9M-LDU,BATIK OD,B737-800
9M-LRD,BATIK OD,B737-MAX 8
9M-LRJ,BATIK OD,B737-MAX 8
9M-LRG,BATIK OD,B737-MAX 8
9M-LRH,BATIK OD,B737-MAX 8
9M-LRK,BATIK OD,B737-MAX 8
9M-LRM,BATIK OD,B737-MAX 8
9M-LRP,BATIK OD,B737-MAX 8
9M-LRQ,BATIK OD,B737-MAX 8
9M-LRU,BATIK OD,B737-MAX 8
9M-LRV,BATIK OD,B737-MAX 8
PK-LEF,LION AIR A330,A330
PK-LEG,LION AIR A330,A330
PK-LEH,LION AIR A330,A330
PK-LEI,LION AIR A330,A330
PK-LEJ,LION AIR A330,A330
PK-LEQ,LION AIR A330,A330
PK-LER,LION AIR A330,A330
PK-LES,LION AIR A330,A330
PK-LET,LION AIR A330,A330
PK-LEU,LION AIR A330,A330
PK-LEV,LION AIR A330,A330
PK-LEW,LION AIR A330,A330
PK-LFF,LION AIR,B739ER
PK-LFG,LION AIR,B739ER
PK-LFK,LION AIR,B739ER
PK-LFL,LION AIR,B737-9
PK-LFO,LION AIR,B739ER
PK-LFS,LION AIR,B739ER
PK-LFT,LION AIR,B739ER
PK-LFU,LION AIR,B739ER
PK-LFW,LION AIR,B739ER
PK-LFY,LION AIR,B739ER
PK-LFZ,LION AIR,B739ER
PK-LGJ,LION AIR,B739ER
PK-LGK,LION AIR,B739ER
PK-LGL,LION AIR,B739ER
PK-LGM,LION AIR,B739ER
PK-LGQ,LION AIR,B739ER
PK-LGS,LION AIR,B739ER
PK-LGT,LION AIR,B739ER
PK-LGU,LION AIR,B739ER
PK-LGW,LION AIR,B739ER
PK-LGY,LION AIR,B739ER
PK-LGZ,LION AIR,B739ER
PK-LHH,LION AIR,B739ER
PK-LHI,LION AIR,B739ER
PK-LHJ,LION AIR,B739ER
PK-LHK,LION AIR,B739ER
PK-LHL,LION AIR,B739ER
PK-LHM,LION AIR,B739ER
PK-LHO,LION AIR,B739ER
PK-LHP,LION AIR,B739ER
PK-LHQ,LION AIR,B739ER
PK-LHR,LION AIR,B739ER
PK-LHS,LION AIR,B739ER
PK-LHY,LION AIR,B739ER
PK-LJG,LION AIR,B739ER
PK-LJI,LION AIR,B739ER
PK-LJQ,LION AIR,B737-800NG
PK-LJR,LION AIR,B737-800NG
PK-LJS,LION AIR,B737-800NG
PK-LJV,LION AIR,B737-800NG
PK-LJW,LION AIR,B737-800NG
PK-LJY,LION AIR,B737-800NG
PK-LJZ,LION AIR,B739ER
PK-LKH,LION AIR,B737-800NG
PK-LKJ,LION AIR,B737-800NG
PK-LKP,LION AIR,B737-800NG
PK-LKQ,LION AIR,B737-800NG
PK-LKV,LION AIR,B737-800NG
PK-LKW,LION AIR,B737-800NG
PK-LOH,LION AIR,B737-800NG
PK-LOI,LION AIR,B737-800NG
PK-LOJ,LION AIR,B737-800NG
PK-LOP,LION AIR,B737-800NG
PK-LOQ,LION AIR,B737-800NG
PK-LOR,LION AIR,B737-800NG
PK-LPJ,LION AIR,B737-800NG
PK-LPK,LION AIR,B737-800NG
PK-LQR,LION AIR,B739ER
PK-LQS,LION AIR,B739ER
PK-LQT,LION AIR,B739ER
PK-LQY,LION AIR,B737-800NG
PK-LQZ,LION AIR,B737-800NG
PK-LRF,LION AIR,B737-9
PK-LRG,LION AIR,B737-9
PK-LRI,LION AIR,B737-9
PK-LQJ,LION AIR,B738MAX
PK-LSF,LION AIR,B737-800NG
PK-LSH,LION AIR,B739ER
PK-LSI,LION AIR,B739ER
PK-LSJ,LION AIR,B739ER
PK-LSK,LION AIR,B739ER
PK-LJP,LION AIR,B739ER
PK-LSL,LION AIR,B739ER
PK-LSM,LION AIR,B739ER
PK-LSO,LION AIR,B739ER
PK-LSP,LION AIR,B739ER
PK-LSR,LION AIR,B739ER
PK-LSU,LION AIR,B737-9
PK-LSV,LION AIR,B737-9
PK-LSW,LION AIR,B737-9
PK-LSY,LION AIR,B737-9
PK-LSZ,LION AIR,B737-9
PK-LVF,LION AIR,B737-9
PK-LRH,LION AIR,B737-9
PK-SAA,SUPER AIR JET,A320
PK-SAC,SUPER AIR JET,A320
PK-SAE,SUPER AIR JET,A320
PK-SAG,SUPER AIR JET,A320
PK-SAH,SUPER AIR JET,A320
PK-SAI,SUPER AIR JET,A320
PK-SAJ,SUPER AIR JET,A320
PK-SAK,SUPER AIR JET,A320
PK-SAL,SUPER AIR JET,A320
PK-SAM,SUPER AIR JET,A320
PK-SAO,SUPER AIR JET,A320
PK-SAP,SUPER AIR JET,A320
PK-SAQ,SUPER AIR JET,A320
PK-SAS,SUPER AIR JET,A320
PK-SAT,SUPER AIR JET,A320
PK-SAU,SUPER AIR JET,A320
PK-SAV,SUPER AIR JET,A320
PK-SAW,SUPER AIR JET,A320
PK-SAY,SUPER AIR JET,A320
PK-SAZ,SUPER AIR JET,A320
PK-SGA,SUPER AIR JET,A320
PK-SGB,SUPER AIR JET,A320
PK-SGC,SUPER AIR JET,A320
PK-SGD,SUPER AIR JET,A320
PK-SJA,SUPER AIR JET,A320
PK-SJC,SUPER AIR JET,A320
PK-SJD,SUPER AIR JET,A320
PK-SJE,SUPER AIR JET,A320
PK-SJF,SUPER AIR JET,A320
PK-SJG,SUPER AIR JET,A320
PK-SJH,SUPER AIR JET,A320
PK-SJI,SUPER AIR JET,A320
PK-SJJ,SUPER AIR JET,A320
PK-SJK,SUPER AIR JET,A320
PK-SJL,SUPER AIR JET,A320
PK-SJM,SUPER AIR JET,A320
PK-SJO,SUPER AIR JET,A320
PK-SJP,SUPER AIR JET,A320
PK-SJQ,SUPER AIR JET,A320
PK-SJR,SUPER AIR JET,A320
PK-SJS,SUPER AIR JET,A320
PK-SJT,SUPER AIR JET,A320
PK-SJU,SUPER AIR JET,A320
PK-SJV,SUPER AIR JET,A320
PK-SJW,SUPER AIR JET,A320
PK-SJZ,SUPER AIR JET,A320
PK-STA,SUPER AIR JET,A320
PK-STC,SUPER AIR JET,A320
PK-STD,SUPER AIR JET,A320
PK-STF,SUPER AIR JET,A320
PK-STG,SUPER AIR JET,A320
PK-STH,SUPER AIR JET,A320
PK-STI,SUPER AIR JET,A320
PK-STP,SUPER AIR JET,A320
PK-STQ,SUPER AIR JET,A320
PK-STR,SUPER AIR JET,A320
PK-STS,SUPER AIR JET,A320
PK-STT,SUPER AIR JET,A320
PK-STU,SUPER AIR JET,A320
PK-STZ,SUPER AIR JET,A320
HS-LGI,THAI LION,B738
HS-LGJ,THAI LION,B738
HS-LGK,THAI LION,B738
HS-LGL,THAI LION,B738
HS-LGM,THAI LION,B738
HS-LGO,THAI LION,B738
HS-LGP,THAI LION,B738
HS-LGQ,THAI LION,B738
HS-LGR,THAI LION,B738
HS-LGS,THAI LION,B738
HS-LGT,THAI LION,B738
HS-LGV,THAI LION,B738
HS-LGW,THAI LION,B738
HS-LUH,THAI LION,B738
HS-LUJ,THAI LION,B738
HS-LUQ,THAI LION,B738
HS-LUU,THAI LION,B738
HS-LUV,THAI LION,B738
HS-LUZ,THAI LION,B738
HS-LTH,THAI LION,B739ER
HS-LTL,THAI LION,B739ER
HS-LTP,THAI LION,B739ER
HS-LTQ,THAI LION,B739ER
HS-LTT,THAI LION,B739ER
HS-LVL,THAI LION,B739ER
HS-LVM,THAI LION,B739ER
HS-LVP,THAI LION,B739ER
HS-LVQ,THAI LION,B739ER
HS-LVT,THAI LION,B739ER
HS-LVU,THAI LION,B739ER
HS-LVV,THAI LION,B739ER
HS-LUP,THAI LION,B738
PK-WFG,WINGS AIR,ATR72
PK-WFH,WINGS AIR,ATR72
PK-WFI,WINGS AIR,ATR72
PK-WFJ,WINGS AIR,ATR72
PK-WFK,WINGS AIR,ATR72
PK-WFL,WINGS AIR,ATR72
PK-WFM,WINGS AIR,ATR72
PK-WFO,WINGS AIR,ATR72
PK-WFP,WINGS AIR,ATR72
PK-WFQ,WINGS AIR,ATR72
PK-WFR,WINGS AIR,ATR72
PK-WFS,WINGS AIR,ATR72
PK-WFT,WINGS AIR,ATR72
PK-WFU,WINGS AIR,ATR72
PK-WFV,WINGS AIR,ATR72
PK-WFW,WINGS AIR,ATR72
PK-WFY,WINGS AIR,ATR72
PK-WFZ,WINGS AIR,ATR72
PK-WGF,WINGS AIR,ATR72
PK-WGG,WINGS AIR,ATR72
PK-WGH,WINGS AIR,ATR72
PK-WGI,WINGS AIR,ATR72
PK-WGJ,WINGS AIR,ATR72
PK-WGK,WINGS AIR,ATR72
PK-WGL,WINGS AIR,ATR72
PK-WGM,WINGS AIR,ATR72
PK-WGO,WINGS AIR,ATR72
PK-WGP,WINGS AIR,ATR72
PK-WGQ,WINGS AIR,ATR72
PK-WGR,WINGS AIR,ATR72
PK-WGS,WINGS AIR,ATR72
PK-WGT,WINGS AIR,ATR72
PK-WGU,WINGS AIR,ATR72
PK-WGV,WINGS AIR,ATR72
PK-WGY,WINGS AIR,ATR72
PK-WGZ,WINGS AIR,ATR72
PK-WHF,WINGS AIR,ATR72
PK-WHG,WINGS AIR,ATR72
PK-WHH,WINGS AIR,ATR72
PK-WHI,WINGS AIR,ATR72
PK-WHJ,WINGS AIR,ATR72
PK-WHK,WINGS AIR,ATR72
PK-WHL,WINGS AIR,ATR72
PK-WHM,WINGS AIR,ATR72
PK-WHO,WINGS AIR,ATR72
PK-WHO,WINGS AIR,ATR72
PK-WHP,WINGS AIR,ATR72
PK-WHQ,WINGS AIR,ATR72
PK-WHR,WINGS AIR,ATR72
PK-WHS,WINGS AIR,ATR72
PK-WHT,WINGS AIR,ATR72
PK-WHU,WINGS AIR,ATR72
PK-WHV,WINGS AIR,ATR72
PK-WHW,WINGS AIR,ATR72
PK-WHY,WINGS AIR,ATR72
PK-WHZ,WINGS AIR,ATR72
PK-WJF,WINGS AIR,ATR72
PK-WJG,WINGS AIR,ATR72
PK-WJI,WINGS AIR,ATR72
PK-WJJ,WINGS AIR,ATR72
PK-WJK,WINGS AIR,ATR72
PK-WJL,WINGS AIR,ATR72
PK-WJM,WINGS AIR,ATR72
PK-WJO,WINGS AIR,ATR72
PK-WJP,WINGS AIR,ATR72
PK-WJQ,WINGS AIR,ATR72
PK-WJR,WINGS AIR,ATR72
PK-WJS,WINGS AIR,ATR72
PK-WJT,WINGS AIR,ATR72
PK-WJU,WINGS AIR,ATR72
PK-WJV,WINGS AIR,ATR72
PK-WJW,WINGS AIR,ATR72
PK-WJY,WINGS AIR,ATR72
PK-WJZ,WINGS AIR,ATR72
PK-WKF,WINGS AIR,ATR72
PK-WKG,WINGS AIR,ATR72
PK-WKH,WINGS AIR,ATR72
PK-WKJ,WINGS AIR,ATR72
PK-WKK,WINGS AIR,ATR72
9M-LDC,BATIK OD,B737-8
9M-LRS,BATIK OD,B737-8
9M-LRW,BATIK OD,B737-8
PK-WUJ,AAA,C172
PK-LZM,BATIK AIR,B738
9M-LDP,BATIK OD,B737-8
PK-LAV,BATIK AIR,A320
HS-LVZ,THAI LION,B737
HS-LVR,THAI LION,B737
HS-LWJ,THAI LION,B737
HS-LWH,THAI LION,B737
HS-LVO,THAI LION,B737
HS-LVK,THAI LION,B737
HS-LVZ,THAI LION,B737
9M-LRL,BATIK OD,B737-7
9M-LDG,BATIK OD,B737-8
9M-LNZ,BATIK OD,B737-8
9M-LRT,BATIK OD,B737-800
PK-LJT,LION AIR,B739ER
PK-LJJ,LION AIR,B739ER
